Author,Metric,Meets,Partial,Not Meet,Total,Meets %,Partial %,Not Meet %
Author 1,Accuracy,10,32,63,105,9.523809523809524,30.476190476190478,60.0
Author 2,Accuracy,4,28,73,105,3.8095238095238098,26.666666666666668,69.52380952380952
Author 1,Level of Detail,20,30,55,105,19.047619047619047,28.57142857142857,52.38095238095239
Author 2,Level of Detail,25,25,55,105,23.809523809523807,23.809523809523807,52.38095238095239
