metric,meets,partial,not_meet,total,meets_pct,partial_pct,not_meet_pct
Accuracy,10,37,58,105,9.523809523809524,35.23809523809524,55.23809523809524
Level of Detail,23,42,40,105,21.904761904761905,40.0,38.095238095238095
